净值日期,单位净值,日增长率,累计净值,累计收益率,同类型排名-每日近三月排名,总排名-每日近三月排名,同类型排名-每日近3月收益排名百分比
2017-06-07,1.0,0.0,1.0,0.0,18.0,230,92.17
2017-06-09,1.0,0.0,1.0,-4.21,19.0,232,91.81
2017-06-16,1.001,0.0,1.001,-4.53,12.0,231,94.81
2017-06-23,1.001,0.0,1.001,-2.7,18.0,231,92.21
2017-06-30,1.002,0.0,1.002,-0.48,10.0,231,95.67
2017-07-06,1.002,0.0,1.002,-1.35,13.0,231,94.37
2017-07-07,1.003,0.0998,1.003,-3.1,10.0,233,95.71
2017-07-10,1.006,0.2991,1.006,-3.5,10.0,233,95.71
2017-07-11,1.001,-0.497,1.001,-0.52,8.0,233,96.57
2017-07-12,1.015,1.3986,1.015,-0.2,4.0,233,98.28
2017-07-13,1.012,-0.2956,1.012,-3.58,5.0,235,97.87
2017-07-14,1.019,0.6917,1.019,-3.1,8.0,236,96.61
2017-07-17,1.004,-1.472,1.004,-6.36,6.0,235,97.45
2017-07-18,1.007,0.2988,1.007,-9.22,5.0,235,97.87
2017-07-19,1.019,1.1917,1.019,-7.95,4.0,235,98.3
2017-07-20,1.032,1.2758,1.032,-3.5,5.0,231,97.84
2017-07-21,1.041,0.8721,1.041,-4.21,4.0,233,98.28
2017-07-24,1.021,-1.9212,1.021,-2.94,2.0,239,99.16
2017-07-25,1.018,-0.2938,1.018,-3.62,2.0,239,99.16
2017-07-26,1.019,0.0982,1.019,-2.11,5.0,239,97.91
2017-07-27,1.009,-0.9814,1.009,-0.95,10.0,240,95.83
2017-07-28,1.036,2.6759,1.036,-0.16,7.0,241,97.1
2017-07-31,1.055,1.834,1.055,-0.36,8.0,240,96.67
2017-08-01,1.061,0.5687,1.061,-1.19,14.0,240,94.17
2017-08-02,1.057,-0.377,1.057,-1.59,38.0,241,84.23
2017-08-03,1.05,-0.6623,1.05,-5.69,21.0,241,91.29
2017-08-04,1.016,-3.2381,1.016,-5.21,4.0,243,98.35
2017-08-07,1.032,1.5748,1.032,-1.35,18.0,242,92.56
2017-08-08,1.02,-1.1628,1.02,-1.47,5.0,242,97.93
2017-08-09,1.034,1.3725,1.034,-1.27,12.0,242,95.04
2017-08-10,1.017,-1.6441,1.017,4.61,15.0,242,93.8
2017-08-11,0.987,-2.9499,0.987,3.74,10.0,243,95.88
2017-08-14,1.036,4.9645,1.036,3.34,46.0,242,80.99
2017-08-15,1.045,0.8687,1.045,3.9,31.0,242,87.19
2017-08-16,1.034,-1.0526,1.034,6.04,21.0,245,91.43
2017-08-17,1.041,0.677,1.041,4.89,14.0,245,94.29
2017-08-18,1.018,-2.2094,1.018,5.01,21.0,247,91.5
2017-08-21,1.027,0.8841,1.027,7.08,17.0,246,93.09
2017-08-22,1.04,1.2658,1.04,7.51,25.0,246,89.84
2017-08-23,1.027,-1.25,1.027,9.42,5.0,246,97.97
2017-08-24,1.019,-0.779,1.019,9.78,18.0,246,92.68
2017-08-25,1.038,1.8646,1.038,7.48,17.0,248,93.15
2017-08-28,1.06,2.1195,1.06,9.54,17.0,248,93.15
2017-08-29,1.055,-0.4717,1.055,5.96,61.0,248,75.4
2017-08-30,1.063,0.7583,1.063,6.44,128.0,248,48.39
2017-08-31,1.084,1.9755,1.084,3.82,131.0,248,47.18
2017-09-01,1.105,1.9373,1.105,5.77,146.0,249,41.37
2017-09-04,1.106,0.0905,1.106,9.86,86.0,248,65.32
2017-09-05,1.142,3.255,1.142,10.97,108.0,248,56.45
2017-09-06,1.18,3.3275,1.18,14.83,119.0,248,52.02
2017-09-07,1.165,-1.2712,1.165,14.19,82.0,249,67.07
2017-09-08,1.166,0.0858,1.166,14.08,61.0,250,75.6
2017-09-11,1.226,5.1458,1.226,14.83,134.0,249,46.18
2017-09-12,1.192,-2.7732,1.192,15.75,138.0,249,44.58
2017-09-13,1.211,1.594,1.211,15.27,145.0,249,41.77
2017-09-14,1.199,-0.9909,1.199,15.43,170.0,249,31.73
2017-09-15,1.191,-0.6672,1.191,20.2,190.0,251,24.3
2017-09-18,1.209,1.5113,1.209,25.49,194.0,250,22.4
2017-09-19,1.203,-0.4963,1.203,24.77,230.0,250,8.0
2017-09-20,1.223,1.6625,1.223,23.9,246.0,253,2.77
2017-09-21,1.206,-1.39,1.206,25.09,246.0,253,2.77
2017-09-22,1.189,-1.4096,1.189,28.95,246.0,254,3.15
2017-09-25,1.17,-1.598,1.17,26.64,247.0,253,2.37
2017-09-26,1.178,0.6838,1.178,25.65,238.0,253,5.93
2017-09-27,1.213,2.9711,1.213,26.08,245.0,254,3.54
2017-09-28,1.213,0.0,1.213,30.22,244.0,254,3.94
2017-09-29,1.208,-0.4122,1.208,29.78,252.0,261,3.45
2017-10-09,1.208,0.0,1.208,27.55,254.0,260,2.31
2017-10-10,1.194,-1.1589,1.194,20.6,254.0,260,2.31
2017-10-11,1.176,-1.5075,1.176,22.19,255.0,261,2.3
2017-10-12,1.167,-0.7653,1.167,26.76,254.0,261,2.68
2017-10-13,1.177,0.8569,1.177,27.75,256.0,262,2.29
2017-10-16,1.176,-0.085,1.176,28.07,244.0,257,5.06
2017-10-17,1.166,-0.8503,1.166,30.58,247.0,257,3.89
2017-10-18,1.149,-1.458,1.149,29.46,250.0,261,4.21
2017-10-19,1.156,0.6092,1.156,30.97,253.0,262,3.44
2017-10-20,1.19,2.9412,1.19,32.49,255.0,264,3.41
2017-10-23,1.185,-0.4202,1.185,31.93,256.0,263,2.66
2017-10-24,1.186,0.0844,1.186,34.27,250.0,263,4.94
2017-10-25,1.18,-0.5059,1.18,32.21,247.0,263,6.08
2017-10-26,1.186,0.5085,1.186,32.68,246.0,264,6.82
2017-10-27,1.186,0.0,1.186,37.38,239.0,263,9.13
2017-10-30,1.168,-1.5177,1.168,38.05,241.0,263,8.37
2017-10-31,1.198,2.5685,1.198,44.57,240.0,263,8.75
2017-11-01,1.216,1.5025,1.216,45.37,230.0,263,12.55
2017-11-02,1.221,0.4112,1.221,48.83,230.0,264,12.88
2017-11-03,1.214,-0.5733,1.214,55.11,237.0,263,9.89
2017-11-06,1.214,0.0,1.214,55.43,240.0,263,8.75
2017-11-07,1.211,-0.2471,1.211,48.99,244.0,263,7.22
2017-11-08,1.222,0.9083,1.222,50.78,232.0,263,11.79
2017-11-09,1.216,-0.491,1.216,47.99,238.0,264,9.85
2017-11-10,1.221,0.4112,1.221,45.53,246.0,263,6.46
2017-11-13,1.217,-0.3276,1.217,47.51,240.0,263,8.75
2017-11-14,1.184,-2.7116,1.184,54.59,241.0,263,8.37
2017-11-15,1.138,-3.8851,1.138,55.27,240.0,264,9.09
2017-11-16,1.134,-0.3515,1.134,55.03,239.0,264,9.47
2017-11-17,1.112,-1.94,1.112,53.6,238.0,264,9.85
2017-11-20,1.142,2.6978,1.142,46.12,243.0,264,7.95
2017-11-21,1.143,0.0876,1.143,44.21,246.0,264,6.82
2017-11-22,1.144,0.0875,1.144,52.21,250.0,264,5.3
2017-11-23,1.121,-2.0105,1.121,52.6,252.0,264,4.55
2017-11-24,1.128,0.6244,1.128,55.55,253.0,264,4.17
2017-11-27,1.076,-4.6099,1.076,47.75,250.0,265,5.66
2017-11-28,1.095,1.7658,1.095,55.9,256.0,265,3.4
2017-11-29,1.09,-0.4566,1.09,55.27,262.0,265,1.13
2017-11-30,1.089,-0.0917,1.089,59.28,270.0,272,0.74
2017-12-01,1.095,0.551,1.095,55.79,271.0,272,0.37
2017-12-04,1.088,-0.6393,1.088,53.04,265.0,267,0.75
2017-12-05,1.068,-1.8382,1.068,53.92,264.0,269,1.86
2017-12-06,1.068,0.0,1.068,55.43,259.0,272,4.78
2017-12-07,1.048,-1.8727,1.048,54.75,256.0,272,5.88
2017-12-08,1.066,1.7176,1.066,49.86,264.0,272,2.94
2017-12-11,1.093,2.5328,1.093,49.11,255.0,272,6.25
2017-12-12,1.107,1.2809,1.107,49.42,247.0,273,9.52
2017-12-13,1.103,-0.3613,1.103,53.52,253.0,274,7.66
2017-12-14,1.102,-0.0907,1.102,52.64,250.0,274,8.76
2017-12-15,1.081,-1.9056,1.081,56.58,204.0,278,26.62
2017-12-18,1.064,-1.5726,1.064,58.97,228.0,278,17.99
2017-12-19,1.069,0.4699,1.069,59.76,179.0,278,35.61
2017-12-20,1.069,0.0,1.069,57.42,229.0,278,17.63
2017-12-21,1.083,1.3096,1.083,63.38,204.0,278,26.62
2017-12-22,1.087,0.3693,1.087,66.4,201.0,279,27.96
2017-12-25,1.078,-0.828,1.078,68.31,161.0,279,42.29
2017-12-26,1.079,0.0928,1.079,60.04,161.0,281,42.7
2017-12-27,1.087,0.7414,1.087,62.35,103.0,281,63.35
2017-12-28,1.087,0.0,1.087,57.34,118.0,281,58.01
2017-12-29,1.089,0.184,1.089,58.89,68.0,281,75.8
2017-12-31,1.089,0.0,1.089,64.33,83.0,281,70.46
2018-01-02,1.096,0.6428,1.096,,129.0,281,54.09
2018-01-03,1.132,3.2847,1.132,,111.0,282,60.64
2018-01-04,1.146,1.2367,1.146,,201.0,282,28.72
2018-01-05,1.145,-0.0873,1.145,,122.0,282,56.74
2018-01-08,1.158,1.1354,1.158,,142.0,283,49.82
2018-01-09,1.145,-1.1226,1.145,,135.0,285,52.63
2018-01-10,1.126,-1.6594,1.126,,150.0,285,47.37
2018-01-11,1.138,1.0657,1.138,,141.0,282,50.0
2018-01-12,1.123,-1.3181,1.123,,136.0,282,51.77
2018-01-15,1.079,-3.9181,1.079,,191.0,282,32.27
2018-01-16,1.087,0.7414,1.087,,218.0,283,22.97
2018-01-17,1.068,-1.7479,1.068,,219.0,285,23.16
2018-01-18,1.077,0.8427,1.077,,167.0,285,41.4
2018-01-19,1.08,0.2786,1.08,,205.0,285,28.07
2018-01-22,1.089,0.8333,1.089,,208.0,285,27.02
2018-01-23,1.104,1.3774,1.104,,203.0,285,28.77
2018-01-24,1.107,0.2717,1.107,,156.0,285,45.26
2018-01-25,1.103,-0.3613,1.103,,173.0,285,39.3
2018-01-26,1.104,0.0907,1.104,,154.0,285,45.96
2018-01-29,1.092,-1.087,1.092,,169.0,287,41.11
2018-01-30,1.061,-2.8388,1.061,,173.0,287,39.72
2018-01-31,1.07,0.8483,1.07,,163.0,287,43.21
2018-02-01,1.044,-2.4299,1.044,,129.0,288,55.21
2018-02-02,1.059,1.4368,1.059,,149.0,288,48.26
2018-02-05,1.051,-0.7554,1.051,,191.0,286,33.22
2018-02-06,1.012,-3.7108,1.012,,187.0,286,34.62
2018-02-07,0.974,-3.7549,0.974,,152.0,290,47.59
2018-02-08,0.963,-1.1294,0.963,,159.0,289,44.98
2018-02-09,0.913,-5.1921,0.913,,174.0,289,39.79
2018-02-12,0.937,2.6287,0.937,,92.0,290,68.28
2018-02-13,0.949,1.2807,0.949,,64.0,293,78.16
2018-02-14,0.965,1.686,0.965,,41.0,293,86.01
2018-02-22,0.996,3.2124,0.996,,37.0,293,87.37
2018-02-23,1.006,1.004,1.006,,24.0,295,91.86
2018-02-26,1.024,1.7893,1.024,,21.0,296,92.91
2018-02-27,1.007,-1.6602,1.007,,21.0,296,92.91
2018-02-28,1.032,2.4826,1.032,,24.0,296,91.89
2018-03-01,1.035,0.2907,1.035,,23.0,296,92.23
2018-03-02,1.033,-0.1932,1.033,,24.0,296,91.89
2018-03-05,1.052,1.8393,1.052,,24.0,296,91.89
2018-03-06,1.052,0.0,1.052,,27.0,294,90.82
2018-03-07,1.055,0.2852,1.055,,38.0,296,87.16
2018-03-08,1.042,-1.2322,1.042,,33.0,296,88.85
2018-03-09,1.069,2.5912,1.069,,44.0,296,85.14
2018-03-12,1.115,4.3031,1.115,,65.0,296,78.04
2018-03-13,1.111,-0.3587,1.111,,55.0,296,81.42
2018-03-14,1.108,-0.27,1.108,,98.0,296,66.89
2018-03-15,1.116,0.722,1.116,,109.0,296,63.18
2018-03-16,1.101,-1.3441,1.101,,98.0,296,66.89
2018-03-19,1.107,0.545,1.107,,211.0,297,28.96
2018-03-20,1.104,-0.271,1.104,,206.0,297,30.64
2018-03-21,1.082,-1.9928,1.082,,116.0,297,60.94
2018-03-22,1.084,0.1848,1.084,,120.0,298,59.73
2018-03-23,1.009,-6.9188,1.009,,81.0,298,72.82
2018-03-26,1.045,3.5679,1.045,,89.0,298,70.13
2018-03-27,1.074,2.7751,1.074,,196.0,298,34.23
2018-03-28,1.053,-1.9553,1.053,,222.0,298,25.5
2018-03-29,1.05,-0.2849,1.05,,220.0,300,26.67
2018-03-30,1.066,1.5238,1.066,,252.0,300,16.0
2018-04-02,1.061,-0.469,1.061,,269.0,300,10.33
2018-04-03,1.056,-0.4713,1.056,,249.0,300,17.0
2018-04-04,1.042,-1.3258,1.042,,259.0,302,14.24
2018-04-09,1.038,-0.3839,1.038,,229.0,302,24.17
2018-04-10,1.06,2.1195,1.06,,141.0,303,53.47
2018-04-11,1.061,0.0943,1.061,,156.0,303,48.51
2018-04-12,1.036,-2.3563,1.036,,178.0,303,41.25
2018-04-13,1.034,-0.1931,1.034,,188.0,303,37.95
2018-04-16,1.019,-1.4507,1.019,,149.0,303,50.83
2018-04-17,0.979,-3.9254,0.979,,144.0,303,52.48
2018-04-18,1.0,2.145,1.0,,152.0,307,50.49
2018-04-19,1.007,0.7,1.007,,190.0,309,38.51
2018-04-20,0.989,-1.7875,0.989,,192.0,309,37.86
2018-04-23,0.986,-0.3033,0.986,,191.0,309,38.19
2018-04-24,1.022,3.6511,1.022,,193.0,309,37.54
2018-04-25,1.014,-0.7828,1.014,,189.0,309,38.83
2018-04-26,0.983,-3.0572,0.983,,120.0,309,61.17
2018-04-27,0.989,0.6104,0.989,,105.0,309,66.02
2018-05-02,0.992,0.3033,0.992,,109.0,309,64.72
2018-05-03,0.997,0.504,0.997,,119.0,309,61.49
2018-05-04,0.99,-0.7021,0.99,,55.0,309,82.2
2018-05-07,1.034,4.4444,1.034,,95.0,310,69.35
2018-05-08,1.043,0.8704,1.043,,96.0,310,69.03
2018-05-09,1.044,0.0959,1.044,,77.0,310,75.16
2018-05-10,1.053,0.8621,1.053,,41.0,312,86.86
2018-05-11,1.088,3.3238,1.088,,83.0,312,73.4
2018-05-14,1.1,1.1029,1.1,,107.0,314,65.92
2018-05-15,1.116,1.4545,1.116,,79.0,314,74.84
2018-05-16,1.102,-1.2545,1.102,,98.0,314,68.79
2018-05-17,1.098,-0.363,1.098,,100.0,314,68.15
2018-05-18,1.101,0.2732,1.101,,161.0,314,48.73
2018-05-21,1.111,0.9083,1.111,,187.0,314,40.45
2018-05-22,1.116,0.45,1.116,,193.0,314,38.54
2018-05-23,1.094,-1.9713,1.094,,176.0,314,43.95
2018-05-24,1.099,0.457,1.099,,176.0,314,43.95
2018-05-25,1.063,-3.2757,1.063,,241.0,314,23.25
2018-05-28,1.062,-0.0941,1.062,,251.0,316,20.57
2018-05-29,1.061,-0.0942,1.061,,251.0,316,20.57
2018-05-30,1.018,-4.0528,1.018,,260.0,316,17.72
2018-05-31,1.025,0.6876,1.025,,298.0,318,6.29
2018-06-01,1.016,-0.878,1.016,,300.0,318,5.66
2018-06-04,0.969,-4.626,0.969,,306.0,318,3.77
2018-06-05,1.008,4.0248,1.008,,300.0,318,5.66
2018-06-06,1.035,2.6786,1.035,,305.0,320,4.69
2018-06-07,1.041,0.5797,1.041,,301.0,320,5.94
2018-06-08,1.039,-0.1921,1.039,,305.0,320,4.69
2018-06-11,1.043,0.385,1.043,,312.0,320,2.5
2018-06-12,1.033,-0.9588,1.033,,301.0,320,5.94
2018-06-13,1.015,-1.7425,1.015,,313.0,320,2.19
2018-06-14,1.015,0.0,1.015,,309.0,320,3.44
2018-06-15,0.984,-3.0542,0.984,,300.0,320,6.25
2018-06-19,0.916,-6.9106,0.916,,313.0,320,2.19
2018-06-20,0.944,3.0568,0.944,,300.0,321,6.54
2018-06-21,0.909,-3.7076,0.909,,297.0,322,7.76
2018-06-22,0.954,4.9505,0.954,,305.0,322,5.28
2018-06-25,0.967,1.3627,0.967,,240.0,322,25.47
2018-06-26,0.984,1.758,0.984,,294.0,322,8.7
2018-06-27,0.97,-1.4228,0.97,,308.0,322,4.35
2018-06-28,0.948,-2.268,0.948,,317.0,322,1.55
2018-06-29,0.988,4.2194,0.988,,319.0,322,0.93
2018-06-30,0.988,0.0,0.988,,319.0,322,0.93
2018-07-02,0.97,-1.8219,0.97,,296.0,322,8.07
2018-07-03,0.969,-0.1031,0.969,,287.0,323,11.15
2018-07-04,0.934,-3.612,0.934,,271.0,323,16.1
2018-07-05,0.919,-1.606,0.919,,250.0,323,22.6
2018-07-06,0.922,0.3264,0.922,,234.0,323,27.55
2018-07-09,0.941,2.0607,0.941,,155.0,323,52.01
2018-07-10,0.962,2.2317,0.962,,186.0,319,41.69
2018-07-11,0.974,1.2474,0.974,,103.0,319,67.71
2018-07-12,0.991,1.7454,0.991,,257.0,318,19.18
2018-07-13,0.997,0.6054,0.997,,285.0,325,12.31
2018-07-16,0.982,-1.5045,0.982,,305.0,319,4.39
2018-07-17,1.003,2.1385,1.003,,301.0,323,6.81
2018-07-18,0.983,-1.994,0.983,,295.0,325,9.23
2018-07-19,0.977,-0.6104,0.977,,289.0,325,11.08
2018-07-20,0.996,1.9447,0.996,,302.0,325,7.08
2018-07-23,1.015,1.9076,1.015,,315.0,325,3.08
2018-07-24,1.019,0.3941,1.019,,310.0,325,4.62
2018-07-25,0.997,-2.159,0.997,,300.0,325,7.69
2018-07-26,0.981,-1.6048,0.981,,291.0,325,10.46
2018-07-27,0.97,-1.1213,0.97,,288.0,318,9.43
2018-07-30,0.959,-1.134,0.959,,287.0,325,11.69
2018-07-31,0.939,-2.0855,0.939,,290.0,325,10.77
2018-08-01,0.915,-2.5559,0.915,,298.0,325,8.31
2018-08-02,0.898,-1.8579,0.898,,315.0,325,3.08
2018-08-03,0.883,-1.6704,0.883,,310.0,325,4.62
2018-08-06,0.857,-2.9445,0.857,,279.0,325,14.15
2018-08-07,0.877,2.3337,0.877,,280.0,325,13.85
2018-08-08,0.859,-2.0525,0.859,,267.0,325,17.85
2018-08-09,0.888,3.376,0.888,,258.0,327,21.1
2018-08-10,0.895,0.7883,0.895,,232.0,327,29.05
2018-08-13,0.899,0.4469,0.899,,215.0,327,34.25
2018-08-14,0.889,-1.1123,0.889,,221.0,327,32.42
2018-08-15,0.864,-2.8121,0.864,,211.0,327,35.47
2018-08-16,0.856,-0.9259,0.856,,198.0,327,39.45
2018-08-17,0.843,-1.5187,0.843,,177.0,328,46.04
2018-08-20,0.855,1.4235,0.855,,163.0,328,50.3
2018-08-21,0.861,0.7018,0.861,,163.0,328,50.3
2018-08-22,0.835,-3.0197,0.835,,124.0,328,62.2
2018-08-23,0.855,2.3952,0.855,,112.0,328,65.85
2018-08-24,0.841,-1.6374,0.841,,107.0,328,67.38
2018-08-27,0.857,1.9025,0.857,,82.0,330,75.15
2018-08-28,0.867,1.1669,0.867,,68.0,330,79.39
2018-08-29,0.855,-1.3841,0.855,,63.0,330,80.91
2018-08-30,0.846,-1.0526,0.846,,107.0,330,67.58
2018-08-31,0.829,-2.0095,0.829,,65.0,330,80.3
2018-09-03,0.828,-0.1206,0.828,,33.0,330,90.0
2018-09-04,0.835,0.8454,0.835,,84.0,330,74.55
2018-09-05,0.812,-2.7545,0.812,,38.0,330,88.48
2018-09-06,0.806,-0.7389,0.806,,33.0,330,90.0
2018-09-07,0.809,0.3722,0.809,,26.0,330,92.12
2018-09-10,0.781,-3.4611,0.781,,20.0,330,93.94
2018-09-11,0.786,0.6402,0.786,,11.0,330,96.67
2018-09-12,0.804,2.2901,0.804,,11.0,330,96.67
2018-09-13,0.815,1.3682,0.815,,11.0,330,96.67
2018-09-14,0.822,0.8589,0.822,,7.0,330,97.88
2018-09-17,0.805,-2.0681,0.805,,9.0,332,97.29
2018-09-18,0.826,2.6087,0.826,,9.0,332,97.29
2018-09-19,0.842,1.937,0.842,,2.0,332,99.4
2018-09-20,0.846,0.4751,0.846,,2.0,332,99.4
2018-09-21,0.866,2.3641,0.866,,8.0,332,97.59
2018-09-25,0.858,-0.9238,0.858,,11.0,332,96.69
2018-09-26,0.866,0.9324,0.866,,12.0,333,96.4
2018-09-27,0.846,-2.3095,0.846,,11.0,333,96.7
2018-09-28,0.852,0.7092,0.852,,14.0,332,95.78
2018-10-08,0.805,-5.5164,0.805,,18.0,332,94.58
2018-10-09,0.794,-1.3665,0.794,,24.0,333,92.79
2018-10-10,0.792,-0.2519,0.792,,29.0,333,91.29
2018-10-11,0.741,-6.4394,0.741,,35.0,332,89.46
2018-10-12,0.746,0.6748,0.746,,35.0,328,89.33
2018-10-15,0.751,0.6702,0.751,,42.0,330,87.27
2018-10-16,0.735,-2.1305,0.735,,24.0,332,92.77
2018-10-17,0.745,1.3605,0.745,,26.0,332,92.17
2018-10-18,0.736,-1.2081,0.736,,28.0,335,91.64
2018-10-19,0.759,3.125,0.759,,22.0,335,93.43
2018-10-22,0.795,4.7431,0.795,,16.0,335,95.22
2018-10-23,0.771,-3.0189,0.771,,20.0,334,94.01
2018-10-24,0.78,1.1673,0.78,,9.0,334,97.31
2018-10-25,0.779,-0.1282,0.779,,9.0,334,97.31
2018-10-26,0.771,-1.027,0.771,,11.0,334,96.71
2018-10-29,0.759,-1.5564,0.759,,9.0,334,97.31
2018-10-30,0.771,1.581,0.771,,9.0,334,97.31
2018-10-31,0.778,0.9079,0.778,,12.0,334,96.41
2018-11-01,0.782,0.5141,0.782,,11.0,334,96.71
2018-11-02,0.808,3.3248,0.808,,12.0,334,96.41
2018-11-05,0.81,0.2475,0.81,,15.0,334,95.51
2018-11-06,0.805,-0.6173,0.805,,17.0,334,94.91
2018-11-07,0.807,0.2484,0.807,,25.0,336,92.56
2018-11-08,0.8,-0.8674,0.8,,13.0,336,96.13
2018-11-09,0.802,0.25,0.802,,28.0,336,91.67
2018-11-12,0.829,3.3666,0.829,,24.0,336,92.86
2018-11-13,0.841,1.4475,0.841,,24.0,336,92.86
2018-11-14,0.834,-0.8323,0.834,,38.0,336,88.69
2018-11-15,0.844,1.199,0.844,,46.0,336,86.31
2018-11-16,0.85,0.7109,0.85,,39.0,332,88.25
2018-11-19,0.853,0.3529,0.853,,16.0,332,95.18
2018-11-20,0.83,-2.6964,0.83,,37.0,337,89.02
2018-11-21,0.838,0.9639,0.838,,62.0,337,81.6
2018-11-22,0.833,-0.5967,0.833,,54.0,337,83.98
2018-11-23,0.807,-3.1212,0.807,,36.0,340,89.41
2018-11-26,0.811,0.4957,0.811,,52.0,340,84.71
2018-11-27,0.823,1.4797,0.823,,59.0,340,82.65
2018-11-28,0.847,2.9162,0.847,,55.0,340,83.82
2018-11-29,0.833,-1.6529,0.833,,40.0,340,88.24
2018-11-30,0.845,1.4406,0.845,,49.0,340,85.59
2018-12-03,0.859,1.6568,0.859,,35.0,341,89.74
2018-12-04,0.862,0.3492,0.862,,21.0,342,93.86
2018-12-05,0.865,0.348,0.865,,26.0,342,92.4
2018-12-06,0.854,-1.2717,0.854,,27.0,342,92.11
2018-12-07,0.855,0.1171,0.855,,61.0,345,82.32
2018-12-10,0.852,-0.3509,0.852,,52.0,345,84.93
2018-12-11,0.857,0.5869,0.857,,46.0,345,86.67
2018-12-12,0.866,1.0502,0.866,,75.0,345,78.26
2018-12-13,0.872,0.6928,0.872,,77.0,345,77.68
2018-12-14,0.85,-2.5229,0.85,,51.0,345,85.22
2018-12-17,0.844,-0.7059,0.844,,95.0,345,72.46
2018-12-18,0.841,-0.3555,0.841,,94.0,345,72.75
2018-12-19,0.83,-1.308,0.83,,118.0,345,65.8
2018-12-20,0.83,0.0,0.83,,82.0,345,76.23
2018-12-21,0.824,-0.7229,0.824,,80.0,345,76.81
2018-12-24,0.829,0.6068,0.829,,90.0,345,73.91
2018-12-25,0.82,-1.0856,0.82,,115.0,345,66.67
2018-12-26,0.815,-0.6098,0.815,,123.0,344,64.24
2018-12-27,0.813,-0.2454,0.813,,123.0,344,64.24
2018-12-28,0.814,0.123,0.814,,113.0,344,67.15
2018-12-31,0.814,0.0,0.814,,112.0,344,67.44
2019-01-02,0.809,-0.6143,0.809,,102.0,344,70.35
2019-01-03,0.805,-0.4944,0.805,,128.0,346,63.01
2019-01-04,0.83,3.1056,0.83,,149.0,346,56.94
2019-01-07,0.838,0.9639,0.838,,184.0,346,46.82
2019-01-08,0.842,0.4773,0.842,,147.0,346,57.51
2019-01-09,0.837,-0.5938,0.837,,138.0,346,60.12
2019-01-10,0.829,-0.9558,0.829,,141.0,346,59.25
2019-01-11,0.835,0.7238,0.835,,127.0,346,63.29
2019-01-14,0.827,-0.9581,0.827,,140.0,346,59.54
2019-01-15,0.843,1.9347,0.843,,135.0,346,60.98
2019-01-16,0.847,0.4745,0.847,,113.0,346,67.34
2019-01-17,0.839,-0.9445,0.839,,91.0,346,73.7
2019-01-18,0.845,0.7151,0.845,,110.0,346,68.21
2019-01-21,0.847,0.2367,0.847,,138.0,346,60.12
2019-01-22,0.836,-1.2987,0.836,,127.0,346,63.29
2019-01-23,0.837,0.1196,0.837,,123.0,346,64.45
2019-01-24,0.84,0.3584,0.84,,110.0,348,68.39
2019-01-25,0.846,0.7143,0.846,,126.0,348,63.79
2019-01-28,0.838,-0.9456,0.838,,100.0,342,70.76
2019-01-29,0.834,-0.4773,0.834,,136.0,342,60.23
2019-01-30,0.826,-0.9592,0.826,,146.0,348,58.05
2019-01-31,0.829,0.3632,0.829,,146.0,348,58.05
2019-02-01,0.855,3.1363,0.855,,157.0,348,54.89
2019-02-11,0.871,1.8713,0.871,,160.0,348,54.02
2019-02-12,0.875,0.4592,0.875,,167.0,345,51.59
2019-02-13,0.895,2.2857,0.895,,155.0,347,55.33
2019-02-14,0.905,1.1173,0.905,,239.0,351,31.91
2019-02-15,0.887,-1.989,0.887,,235.0,351,33.05
2019-02-18,0.917,3.3822,0.917,,233.0,351,33.62
2019-02-19,0.916,-0.1091,0.916,,230.0,351,34.47
2019-02-20,0.921,0.5459,0.921,,229.0,351,34.76
2019-02-21,0.924,0.3257,0.924,,261.0,345,24.35
2019-02-22,0.954,3.2468,0.954,,284.0,351,19.09
2019-02-25,1.017,6.6038,1.017,,275.0,351,21.65
2019-02-26,1.012,-0.4916,1.012,,267.0,351,23.93
2019-02-27,0.998,-1.3834,0.998,,285.0,351,18.8
2019-02-28,0.995,-0.3006,0.995,,294.0,352,16.48
2019-03-01,1.012,1.7085,1.012,,293.0,352,16.76
2019-03-04,1.023,1.087,1.023,,310.0,352,11.93
2019-03-05,1.029,0.5865,1.029,,312.0,352,11.36
2019-03-06,1.043,1.3605,1.043,,305.0,352,13.35
2019-03-07,1.054,1.0547,1.054,,328.0,352,6.82
2019-03-08,1.002,-4.9336,1.002,,330.0,355,7.04
2019-03-11,1.044,4.1916,1.044,,328.0,355,7.61
2019-03-12,1.062,1.7241,1.062,,329.0,355,7.32
2019-03-13,1.05,-1.1299,1.05,,335.0,355,5.63
2019-03-14,1.028,-2.0952,1.028,,342.0,355,3.66
2019-03-15,1.039,1.07,1.039,,339.0,355,4.51
2019-03-18,1.06,2.0212,1.06,,327.0,358,8.66
2019-03-19,1.057,-0.283,1.057,,319.0,358,10.89
2019-03-20,1.052,-0.473,1.052,,314.0,358,12.29
2019-03-21,1.064,1.1407,1.064,,315.0,358,12.01
2019-03-22,1.063,-0.094,1.063,,313.0,358,12.57
2019-03-25,1.043,-1.8815,1.043,,338.0,360,6.11
2019-03-26,1.012,-2.9722,1.012,,335.0,360,6.94
2019-03-27,1.019,0.6917,1.019,,331.0,360,8.06
2019-03-28,1.001,-1.7664,1.001,,332.0,360,7.78
2019-03-29,1.047,4.5954,1.047,,338.0,360,6.11
2019-04-01,1.081,3.2474,1.081,,332.0,361,8.03
2019-04-02,1.087,0.555,1.087,,339.0,361,6.09
2019-04-03,1.108,1.9319,1.108,,339.0,361,6.09
2019-04-04,1.117,0.8123,1.117,,310.0,361,14.13
2019-04-08,1.112,-0.4476,1.112,,331.0,362,8.56
2019-04-09,1.114,0.1799,1.114,,337.0,362,6.91
2019-04-10,1.114,0.0,1.114,,319.0,362,11.88
2019-04-11,1.085,-2.6032,1.085,,336.0,356,5.62
2019-04-12,1.071,-1.2903,1.071,,345.0,362,4.7
2019-04-15,1.068,-0.2801,1.068,,357.0,365,2.19
2019-04-16,1.093,2.3408,1.093,,364.0,365,0.27
2019-04-17,1.101,0.7319,1.101,,364.0,365,0.27
2019-04-18,1.085,-1.4532,1.085,,364.0,365,0.27
2019-04-19,1.103,1.659,1.103,,364.0,365,0.27
2019-04-22,1.07,-2.9918,1.07,,365.0,365,0.0
2019-04-23,1.061,-0.8411,1.061,,364.0,365,0.27
2019-04-24,1.063,0.1885,1.063,,358.0,365,1.92
2019-04-25,1.034,-2.7281,1.034,,363.0,365,0.55
2019-04-26,1.028,-0.5803,1.028,,364.0,365,0.27
2019-04-29,1.006,-2.1401,1.006,,362.0,365,0.82
2019-04-30,1.011,0.497,1.011,,356.0,365,2.47
2019-05-06,0.941,-6.9238,0.941,,346.0,365,5.21
2019-05-07,0.95,0.9564,0.95,,309.0,365,15.34
2019-05-08,0.94,-1.0526,0.94,,327.0,365,10.41
2019-05-09,0.93,-1.0638,0.93,,325.0,365,10.96
2019-05-10,0.962,3.4409,0.962,,328.0,367,10.63
2019-05-13,0.944,-1.8711,0.944,,343.0,367,6.54
2019-05-14,0.937,-0.7415,0.937,,346.0,367,5.72
2019-05-15,0.955,1.921,0.955,,341.0,367,7.08
2019-05-16,0.961,0.6283,0.961,,346.0,367,5.72
2019-05-17,0.928,-3.4339,0.928,,352.0,367,4.09
2019-05-20,0.926,-0.2155,0.926,,349.0,367,4.9
2019-05-21,0.938,1.2959,0.938,,333.0,367,9.26
2019-05-22,0.934,-0.4264,0.934,,309.0,369,16.26
2019-05-23,0.918,-1.7131,0.918,,286.0,369,22.49
2019-05-24,0.918,0.0,0.918,,304.0,369,17.62
2019-05-27,0.935,1.8519,0.935,,308.0,369,16.53
2019-05-28,0.935,0.0,0.935,,327.0,369,11.38
2019-05-29,0.935,0.0,0.935,,299.0,369,18.97
2019-05-30,0.928,-0.7487,0.928,,319.0,371,14.02
2019-05-31,0.924,-0.431,0.924,,317.0,371,14.56
2019-06-03,0.92,-0.4329,0.92,,326.0,371,12.13
2019-06-04,0.91,-1.087,0.91,,308.0,371,16.98
2019-06-05,0.916,0.6593,0.916,,327.0,371,11.86
2019-06-06,0.906,-1.0917,0.906,,320.0,371,13.75
2019-06-10,0.909,0.3311,0.909,,327.0,371,11.86
2019-06-11,0.937,3.0803,0.937,,338.0,371,8.89
2019-06-12,0.929,-0.8538,0.929,,342.0,371,7.82
2019-06-13,0.93,0.1076,0.93,,340.0,372,8.6
2019-06-14,0.919,-1.1828,0.919,,340.0,372,8.6
2019-06-17,0.921,0.2176,0.921,,354.0,373,5.09
2019-06-18,0.921,0.0,0.921,,349.0,374,6.68
2019-06-19,0.93,0.9772,0.93,,339.0,374,9.36
2019-06-20,0.958,3.0108,0.958,,344.0,374,8.02
2019-06-21,0.965,0.7307,0.965,,321.0,374,14.17
2019-06-24,0.964,-0.1036,0.964,,320.0,376,14.89
2019-06-25,0.964,0.0,0.964,,316.0,378,16.4
2019-06-26,0.952,-1.2448,0.952,,301.0,378,20.37
2019-06-27,0.963,1.1555,0.963,,284.0,378,24.87
2019-06-28,0.958,-0.5192,0.958,,278.0,370,24.86
2019-06-30,0.958,0.0,0.958,,226.0,372,39.25
2019-07-01,0.977,1.9833,0.977,,253.0,378,33.07
2019-07-02,0.973,-0.4094,0.973,,287.0,378,24.07
2019-07-03,0.963,-1.0277,0.963,,296.0,378,21.69
2019-07-04,0.944,-1.973,0.944,,285.0,379,24.8
2019-07-05,0.95,0.6356,0.95,,319.0,379,15.83
2019-07-08,0.92,-3.1579,0.92,,323.0,379,14.78
2019-07-09,0.923,0.3261,0.923,,322.0,379,15.04
2019-07-10,0.917,-0.6501,0.917,,332.0,379,12.4
2019-07-11,0.924,0.7634,0.924,,306.0,379,19.26
2019-07-12,0.928,0.4329,0.928,,302.0,373,19.03
2019-07-15,0.934,0.6466,0.934,,337.0,373,9.65
2019-07-16,0.935,0.1071,0.935,,245.0,382,35.86
2019-07-17,0.934,-0.107,0.934,,239.0,384,37.76
2019-07-18,0.927,-0.7495,0.927,,244.0,384,36.46
2019-07-19,0.954,2.9126,0.954,,249.0,384,35.16
2019-07-22,0.97,1.6771,0.97,,253.0,384,34.11
2019-07-23,0.968,-0.2062,0.968,,268.0,383,30.03
2019-07-24,0.972,0.4132,0.972,,293.0,383,23.5
2019-07-25,0.974,0.2058,0.974,,299.0,383,21.93
2019-07-26,0.968,-0.616,0.968,,322.0,384,16.15
2019-07-29,0.961,-0.7231,0.961,,359.0,383,6.27
2019-07-30,0.973,1.2487,0.973,,375.0,383,2.09
2019-07-31,0.962,-1.1305,0.962,,372.0,383,2.87
2019-08-01,0.946,-1.6632,0.946,,367.0,383,4.18
2019-08-02,0.937,-0.9514,0.937,,366.0,384,4.69
2019-08-05,0.94,0.3202,0.94,,350.0,383,8.62
2019-08-06,0.929,-1.1702,0.929,,359.0,383,6.27
2019-08-07,0.938,0.9688,0.938,,365.0,383,4.7
2019-08-08,0.939,0.1066,0.939,,365.0,385,5.19
2019-08-09,0.929,-1.065,0.929,,350.0,387,9.56
2019-08-12,0.938,0.9688,0.938,,347.0,384,9.64
2019-08-13,0.941,0.3198,0.941,,348.0,384,9.38
2019-08-14,0.936,-0.5313,0.936,,337.0,384,12.24
2019-08-15,0.939,0.3205,0.939,,359.0,384,6.51
2019-08-16,0.94,0.1065,0.94,,358.0,385,7.01
2019-08-19,0.957,1.8085,0.957,,359.0,384,6.51
2019-08-20,0.957,0.0,0.957,,363.0,384,5.47
2019-08-21,0.96,0.3135,0.96,,371.0,384,3.39
2019-08-22,0.956,-0.4167,0.956,,365.0,384,4.95
2019-08-23,0.949,-0.7322,0.949,,371.0,385,3.64
2019-08-26,0.94,-0.9484,0.94,,362.0,384,5.73
2019-08-27,0.955,1.5957,0.955,,313.0,384,18.49
2019-08-28,0.948,-0.733,0.948,,286.0,384,25.52
2019-08-29,0.941,-0.7384,0.941,,282.0,384,26.56
2019-08-30,0.939,-0.2125,0.939,,177.0,385,54.03
2019-09-02,0.958,2.0234,0.958,,98.0,384,74.48
2019-09-03,0.958,0.0,0.958,,59.0,384,84.64
2019-09-04,0.977,1.9833,0.977,,38.0,384,90.1
2019-09-05,0.995,1.8424,0.995,,39.0,384,89.84
2019-09-06,1.001,0.603,1.001,,22.0,383,94.26
2019-09-09,1.018,1.6983,1.018,,23.0,383,93.99
2019-09-10,1.017,-0.0982,1.017,,18.0,383,95.3
2019-09-11,1.013,-0.3933,1.013,,21.0,385,94.55
2019-09-12,1.034,2.0731,1.034,,31.0,385,91.95
2019-09-16,1.024,-0.9671,1.024,,44.0,386,88.6
2019-09-17,1.001,-2.2461,1.001,,43.0,385,88.83
2019-09-18,0.998,-0.2997,0.998,,57.0,385,85.19
2019-09-19,1.007,0.9018,1.007,,102.0,387,73.64
2019-09-20,1.002,-0.4965,1.002,,168.0,387,56.59
2019-09-23,0.994,-0.7984,0.994,,146.0,388,62.37
2019-09-24,0.995,0.1006,0.995,,117.0,387,69.77
2019-09-25,0.985,-1.005,0.985,,46.0,388,88.14
2019-09-26,0.974,-1.1168,0.974,,35.0,389,91.0
2019-09-27,0.978,0.4107,0.978,,24.0,389,93.83
2019-09-30,0.956,-2.2495,0.956,,12.0,390,96.92
2019-10-08,0.957,0.1046,0.957,,4.0,389,98.97
2019-10-09,0.965,0.8359,0.965,,3.0,389,99.23
2019-10-10,0.973,0.829,0.973,,2.0,383,99.48
2019-10-11,0.981,0.8222,0.981,,4.0,385,98.96
2019-10-14,0.988,0.7136,0.988,,2.0,393,99.49
2019-10-15,0.977,-1.1134,0.977,,1.0,392,99.74
2019-10-16,0.971,-0.6141,0.971,,1.0,393,99.75
2019-10-17,0.968,-0.309,0.968,,1.0,392,99.74
2019-10-18,0.954,-1.4463,0.954,,1.0,393,99.75
2019-10-21,0.95,-0.4193,0.95,,1.0,392,99.74
2019-10-22,0.958,0.8421,0.958,,1.0,392,99.74
2019-10-23,0.949,-0.9395,0.949,,4.0,392,98.98
2019-10-24,0.954,0.5269,0.954,,3.0,392,99.23
2019-10-25,0.96,0.6289,0.96,,4.0,393,98.98
2019-10-28,0.972,1.25,0.972,,5.0,392,98.72
2019-10-29,0.955,-1.749,0.955,,5.0,392,98.72
2019-10-30,0.956,0.1047,0.956,,5.0,393,98.73
2019-10-31,0.95,-0.6276,0.95,,5.0,393,98.73
2019-11-01,0.96,1.0526,0.96,,5.0,393,98.73
2019-11-04,0.97,1.0417,0.97,,5.0,393,98.73
2019-11-05,0.988,1.8557,0.988,,7.0,393,98.22
2019-11-06,0.994,0.6073,0.994,,5.0,387,98.71
2019-11-07,0.99,-0.4024,0.99,,5.0,387,98.71
2019-11-08,0.98,-1.0101,0.98,,3.0,394,99.24
2019-11-11,0.959,-2.1429,0.959,,1.0,394,99.75
2019-11-12,0.956,-0.3128,0.956,,1.0,394,99.75
2019-11-13,0.955,-0.1046,0.955,,1.0,394,99.75
2019-11-14,0.955,0.0,0.955,,5.0,394,98.73
2019-11-15,0.943,-1.2565,0.943,,1.0,394,99.75
2019-11-18,0.958,1.5907,0.958,,1.0,394,99.75
2019-11-19,0.994,3.7578,0.994,,1.0,394,99.75
2019-11-20,0.996,0.2012,0.996,,3.0,394,99.24
2019-11-21,0.995,-0.1004,0.995,,4.0,394,98.98
2019-11-22,1.008,1.3065,1.008,,4.0,394,98.98
2019-11-25,1.014,0.5952,1.014,,4.0,394,98.98
2019-11-26,1.03,1.5779,1.03,,4.0,394,98.98
2019-11-27,1.047,1.6505,1.047,,4.0,393,98.98
2019-11-28,1.043,-0.382,1.043,,4.0,394,98.98
2019-11-29,1.04,-0.2876,1.04,,19.0,393,95.17
2019-12-02,1.033,-0.6731,1.033,,23.0,393,94.15
2019-12-03,1.039,0.5808,1.039,,25.0,393,93.64
2019-12-04,1.058,1.8287,1.058,,35.0,393,91.09
2019-12-05,1.083,2.3629,1.083,,41.0,394,89.59
2019-12-06,1.088,0.4617,1.088,,42.0,393,89.31
2019-12-09,1.082,-0.5515,1.082,,37.0,393,90.59
2019-12-10,1.081,-0.0924,1.081,,44.0,393,88.8
2019-12-11,1.065,-1.4801,1.065,,56.0,393,85.75
2019-12-12,1.058,-0.6573,1.058,,50.0,394,87.31
2019-12-13,1.083,2.3629,1.083,,69.0,393,82.44
2019-12-16,1.093,0.9234,1.093,,49.0,394,87.56
2019-12-17,1.126,3.0192,1.126,,41.0,394,89.59
2019-12-18,1.118,-0.7105,1.118,,43.0,394,89.09
2019-12-19,1.119,0.0894,1.119,,54.0,395,86.33
2019-12-20,1.122,0.2681,1.122,,88.0,394,77.66
2019-12-23,1.128,0.5348,1.128,,166.0,399,58.4
2019-12-24,1.189,5.4078,1.189,,154.0,401,61.6
2019-12-25,1.208,1.598,1.208,,172.0,403,57.32
2019-12-26,1.214,0.4967,1.214,,219.0,404,45.79
2019-12-27,1.208,-0.4942,1.208,,325.0,403,19.35
2019-12-30,1.223,1.2417,1.223,,378.0,403,6.2
2019-12-31,1.225,0.1635,1.225,,384.0,406,5.42
2020-01-02,1.245,1.6327,1.245,,390.0,406,3.94
2020-01-03,1.265,1.6064,1.265,,401.0,410,2.2
2020-01-06,1.314,3.8735,1.314,,406.0,409,0.73
2020-01-07,1.311,-0.2283,1.311,,408.0,409,0.24
2020-01-08,1.311,0.0,1.311,,395.0,409,3.42
2020-01-09,1.332,1.6018,1.332,,390.0,408,4.41
2020-01-10,1.326,-0.4505,1.326,,398.0,409,2.69
2020-01-13,1.354,2.1116,1.354,,409.0,410,0.24
2020-01-14,1.376,1.6248,1.376,,409.0,410,0.24
2020-01-15,1.355,-1.5262,1.355,,410.0,410,0.0
2020-01-16,1.349,-0.4428,1.349,,409.0,409,0.0
2020-01-17,1.347,-0.1483,1.347,,408.0,408,0.0
2020-01-20,1.367,1.4848,1.367,,411.0,411,0.0
2020-01-21,1.339,-2.0483,1.339,,411.0,411,0.0
2020-01-22,1.392,3.9582,1.392,,409.0,411,0.49
2020-01-23,1.364,-2.0115,1.364,,411.0,412,0.24
2020-02-03,1.265,-7.2581,1.265,,411.0,411,0.0
2020-02-04,1.354,7.0356,1.354,,409.0,412,0.73
2020-02-05,1.409,4.062,1.409,,414.0,414,0.0
2020-02-06,1.446,2.626,1.446,,414.0,414,0.0
2020-02-07,1.4,-3.1812,1.4,,415.0,415,0.0
2020-02-10,1.475,5.3571,1.475,,414.0,414,0.0
2020-02-11,1.465,-0.678,1.465,,412.0,412,0.0
2020-02-12,1.53,4.4369,1.53,,412.0,412,0.0
2020-02-13,1.522,-0.5229,1.522,,412.0,412,0.0
2020-02-14,1.499,-1.5112,1.499,,414.0,414,0.0
2020-02-17,1.546,3.1354,1.546,,414.0,414,0.0
2020-02-18,1.558,0.7762,1.558,,415.0,415,0.0
2020-02-19,1.494,-4.1078,1.494,,414.0,414,0.0
2020-02-20,1.512,1.2048,1.512,,414.0,414,0.0
2020-02-21,1.532,1.3228,1.532,,414.0,414,0.0
2020-02-24,1.504,-1.8277,1.504,,414.0,414,0.0
2020-02-25,1.54,2.3936,1.54,,415.0,415,0.0
2020-02-26,1.461,-5.1299,1.461,,414.0,414,0.0
2020-02-27,1.446,-1.0267,1.446,,414.0,414,0.0
2020-02-28,1.343,-7.1231,1.343,,414.0,415,0.24
2020-03-02,1.373,2.2338,1.373,,418.0,418,0.0
2020-03-03,1.397,1.748,1.397,,418.0,418,0.0
2020-03-04,1.382,-1.0737,1.382,,413.0,418,1.2
2020-03-05,1.389,0.5065,1.389,,413.0,418,1.2
2020-03-06,1.38,-0.6479,1.38,,409.0,418,2.15
2020-03-09,1.291,-6.4493,1.291,,406.0,418,2.87
2020-03-10,1.338,3.6406,1.338,,400.0,418,4.31
2020-03-11,1.315,-1.719,1.315,,403.0,418,3.59
2020-03-12,1.276,-2.9658,1.276,,404.0,418,3.35
2020-03-13,1.256,-1.5674,1.256,,411.0,418,1.67
2020-03-16,1.161,-7.5637,1.161,,386.0,418,7.66
2020-03-17,1.146,-1.292,1.146,,386.0,420,8.1
2020-03-18,1.13,-1.3962,1.13,,389.0,421,7.6
2020-03-19,1.126,-0.354,1.126,,310.0,421,26.37
2020-03-20,1.126,0.0,1.126,,344.0,422,18.48
2020-03-23,1.041,-7.5488,1.041,,304.0,422,27.96
2020-03-24,1.067,2.4976,1.067,,334.0,423,21.04
2020-03-25,1.116,4.5923,1.116,,324.0,423,23.4
2020-03-26,1.086,-2.6882,1.086,,220.0,423,47.99
2020-03-27,1.072,-1.2891,1.072,,223.0,422,47.16
2020-03-30,1.045,-2.5187,1.045,,210.0,425,50.59
2020-03-31,1.046,0.0957,1.046,,139.0,426,67.37
2020-04-01,1.068,2.1033,1.068,,98.0,425,76.94
2020-04-02,1.098,2.809,1.098,,68.0,423,83.92
2020-04-03,1.087,-1.0018,1.087,,70.0,424,83.49
2020-04-07,1.125,3.4959,1.125,,58.0,427,86.42
2020-04-08,1.111,-1.2444,1.111,,40.0,428,90.65
2020-04-09,1.105,-0.5401,1.105,,67.0,425,84.24
2020-04-10,1.084,-1.9005,1.084,,86.0,427,79.86
2020-04-13,1.064,-1.845,1.064,,62.0,428,85.51
2020-04-14,1.121,5.3571,1.121,,43.0,427,89.93
2020-04-15,1.136,1.3381,1.136,,27.0,429,93.71
2020-04-16,1.152,1.4085,1.152,,17.0,429,96.04
2020-04-17,1.157,0.434,1.157,,15.0,430,96.51
2020-04-20,1.166,0.7779,1.166,,17.0,431,96.06
2020-04-21,1.144,-1.8868,1.144,,11.0,431,97.45
2020-04-22,1.146,0.1748,1.146,,38.0,431,91.18
2020-04-23,1.143,-0.2618,1.143,,94.0,434,78.34
2020-04-24,1.139,-0.35,1.139,,103.0,434,76.27
2020-04-27,1.151,1.0536,1.151,,137.0,435,68.51
2020-04-28,1.155,0.3475,1.155,,118.0,434,72.81
2020-04-29,1.153,-0.1732,1.153,,107.0,436,75.46
2020-04-30,1.211,5.0304,1.211,,87.0,438,80.14
2020-05-06,1.227,1.3212,1.227,,105.0,441,76.19
2020-05-07,1.225,-0.163,1.225,,135.0,442,69.46
2020-05-08,1.233,0.6531,1.233,,156.0,441,64.63
2020-05-11,1.213,-1.6221,1.213,,132.0,441,70.07
2020-05-12,1.221,0.6595,1.221,,129.0,441,70.75
2020-05-13,1.226,0.4095,1.226,,210.0,441,52.38
2020-05-14,1.207,-1.5498,1.207,,236.0,442,46.61
2020-05-15,1.23,1.9056,1.23,,209.0,441,52.61
2020-05-18,1.202,-2.2764,1.202,,207.0,441,53.06
2020-05-19,1.216,1.1647,1.216,,181.0,441,58.96
2020-05-20,1.257,3.3717,1.257,,129.0,441,70.75
2020-05-21,1.226,-2.4662,1.226,,96.0,443,78.33
2020-05-22,1.184,-3.4258,1.184,,98.0,443,77.88
2020-05-25,1.171,-1.098,1.171,,86.0,443,80.59
2020-05-26,1.227,4.7822,1.227,,67.0,443,84.88
2020-05-27,1.247,1.63,1.247,,49.0,443,88.94
2020-05-28,1.228,-1.5237,1.228,,56.0,444,87.39
2020-05-29,1.247,1.5472,1.247,,136.0,444,69.37
2020-06-01,1.28,2.6464,1.28,,66.0,443,85.1
2020-06-02,1.274,-0.4688,1.274,,116.0,444,73.87
2020-06-03,1.271,-0.2355,1.271,,255.0,447,42.95
2020-06-04,1.307,2.8324,1.307,,211.0,448,52.9
2020-06-05,1.308,0.0765,1.308,,173.0,454,61.89
2020-06-08,1.316,0.6116,1.316,,168.0,454,63.0
2020-06-09,1.329,0.9878,1.329,,284.0,454,37.44
2020-06-10,1.338,0.6772,1.338,,340.0,455,25.27
2020-06-11,1.341,0.2242,1.341,,312.0,456,31.58
2020-06-12,1.317,-1.7897,1.317,,316.0,455,30.55
2020-06-15,1.302,-1.139,1.302,,255.0,456,44.08
2020-06-16,1.338,2.765,1.338,,251.0,456,44.96
2020-06-17,1.323,-1.1211,1.323,,264.0,456,42.11
2020-06-18,1.336,0.9826,1.336,,341.0,457,25.38
2020-06-19,1.408,5.3892,1.408,,291.0,458,36.46
2020-06-22,1.429,1.4915,1.429,,325.0,458,29.04
2020-06-23,1.432,0.2099,1.432,,307.0,458,32.97
2020-06-24,1.429,-0.2095,1.429,,338.0,458,26.2
2020-06-29,1.425,-0.2799,1.425,,352.0,459,23.31
2020-06-30,1.443,1.2632,1.443,,258.0,460,43.91
2020-07-01,1.45,0.4851,1.45,,197.0,460,57.17
2020-07-02,1.441,-0.6207,1.441,,195.0,461,57.7
2020-07-03,1.467,1.8043,1.467,,124.0,462,73.16
2020-07-06,1.513,3.1357,1.513,,147.0,463,68.25
2020-07-07,1.587,4.8909,1.587,,220.0,463,52.48
2020-07-08,1.617,1.8904,1.617,,261.0,463,43.63
2020-07-09,1.635,1.1132,1.635,,261.0,463,43.63
2020-07-10,1.633,-0.1223,1.633,,264.0,461,42.73
2020-07-13,1.695,3.7967,1.695,,235.0,461,49.02
2020-07-14,1.645,-2.9499,1.645,,233.0,461,49.46
2020-07-15,1.609,-2.1884,1.609,,179.0,463,61.34
2020-07-16,1.527,-5.0963,1.527,,153.0,463,66.95
2020-07-17,1.522,-0.3274,1.522,,109.0,463,76.46
2020-07-20,1.556,2.2339,1.556,,96.0,463,79.27
2020-07-21,1.578,1.4139,1.578,,113.0,463,75.59
2020-07-22,1.587,0.5703,1.587,,44.0,463,90.5
2020-07-23,1.587,0.0,1.587,,31.0,463,93.3
2020-07-24,1.493,-5.9231,1.493,,34.0,465,92.69
2020-07-27,1.49,-0.2009,1.49,,20.0,465,95.7
2020-07-28,1.524,2.2819,1.524,,9.0,465,98.06
2020-07-29,1.573,3.2152,1.573,,23.0,465,95.05
2020-07-30,1.569,-0.2543,1.569,,20.0,467,95.72
2020-07-31,1.576,0.4461,1.576,,15.0,469,96.8
2020-08-03,1.618,2.665,1.618,,6.0,470,98.72
2020-08-04,1.612,-0.3708,1.612,,3.0,472,99.36
2020-08-05,1.648,2.2333,1.648,,4.0,472,99.15
2020-08-06,1.67,1.335,1.67,,4.0,474,99.16
2020-08-07,1.674,0.2395,1.674,,6.0,474,98.73
2020-08-10,1.663,-0.6571,1.663,,3.0,474,99.37
2020-08-11,1.637,-1.5634,1.637,,4.0,474,99.16
2020-08-12,1.615,-1.3439,1.615,,3.0,476,99.37
2020-08-13,1.617,0.1238,1.617,,4.0,476,99.16
2020-08-14,1.623,0.3711,1.623,,6.0,477,98.74
2020-08-17,1.626,0.1848,1.626,,4.0,477,99.16
2020-08-18,1.637,0.6765,1.637,,4.0,479,99.16
2020-08-19,1.585,-3.1765,1.585,,8.0,481,98.34
2020-08-20,1.551,-2.1451,1.551,,7.0,481,98.54
2020-08-21,1.569,1.1605,1.569,,3.0,483,99.38
2020-08-24,1.589,1.27,1.589,,4.0,485,99.18
2020-08-25,1.568,-1.32,1.568,,5.0,486,98.97
2020-08-26,1.525,-2.74,1.525,,6.0,485,98.76
2020-08-27,1.552,1.77,1.552,,4.0,485,99.18
2020-08-28,1.574,1.42,1.574,,3.0,488,99.39
2020-08-31,1.572,-0.13,1.572,,2.0,487,99.59
2020-09-01,1.617,2.86,1.617,,2.0,489,99.59
2020-09-02,1.623,0.37,1.623,,2.0,489,99.59
2020-09-03,1.598,-1.54,1.598,,2.0,490,99.59
2020-09-04,1.579,-1.19,1.579,,2.0,495,99.6
2020-09-07,1.551,-1.77,1.551,,1.0,494,99.8
2020-09-08,1.546,-0.32,1.546,,1.0,497,99.8
2020-09-09,1.51,-2.33,1.51,,1.0,497,99.8
2020-09-10,1.485,-1.66,1.485,,1.0,497,99.8
2020-09-11,1.515,2.02,1.515,,1.0,498,99.8
2020-09-14,1.548,2.18,1.548,,1.0,497,99.8
2020-09-15,1.585,2.39,1.585,,1.0,497,99.8
2020-09-16,1.589,0.25,1.589,,1.0,500,99.8
2020-09-17,1.626,2.33,1.626,,1.0,502,99.8
2020-09-18,1.639,0.8,1.639,,1.0,503,99.8
2020-09-21,1.643,0.24,1.643,,1.0,504,99.8
2020-09-22,1.619,-1.46,1.619,,1.0,504,99.8
2020-09-23,1.622,0.19,1.622,,1.0,505,99.8
2020-09-24,1.578,-2.71,1.578,,1.0,505,99.8
2020-09-25,1.593,0.95,1.593,,1.0,506,99.8
2020-09-28,1.596,0.19,1.596,,1.0,505,99.8
2020-09-29,1.637,2.57,1.637,,1.0,506,99.8
2020-09-30,1.652,0.92,1.652,,1.0,508,99.8
2020-10-09,1.763,6.72,1.763,,1.0,511,99.8
2020-10-12,1.824,3.46,1.824,,1.0,511,99.8
2020-10-13,1.844,1.1,1.844,,1.0,514,99.81
2020-10-14,1.859,0.81,1.859,,1.0,514,99.81
2020-10-15,1.834,-1.34,1.834,,1.0,514,99.81
2020-10-16,1.795,-2.13,1.795,,1.0,515,99.81
2020-10-19,1.789,-0.33,1.789,,1.0,514,99.81
2020-10-20,1.858,3.86,1.858,,1.0,514,99.81
2020-10-21,1.801,-3.07,1.801,,1.0,514,99.81
2020-10-22,1.8,-0.06,1.8,,1.0,514,99.81
2020-10-23,1.76,-2.22,1.76,,1.0,515,99.81
2020-10-26,1.802,2.39,1.802,,1.0,514,99.81
2020-10-27,1.848,2.55,1.848,,1.0,514,99.81
2020-10-28,1.894,2.49,1.894,,1.0,514,99.81
2020-10-29,1.889,-0.26,1.889,,1.0,514,99.81
2020-10-30,1.858,-1.64,1.858,,1.0,515,99.81
2020-11-02,1.937,4.25,1.937,,1.0,515,99.81
2020-11-03,1.918,-0.98,1.918,,1.0,515,99.81
2020-11-04,1.932,0.73,1.932,,1.0,516,99.81
2020-11-05,2.041,5.64,2.041,,1.0,516,99.81
2020-11-06,2.031,-0.49,2.031,,1.0,516,99.81
2020-11-09,2.07,1.92,2.07,,1.0,515,99.81
2020-11-10,2.045,-1.21,2.045,,1.0,515,99.81
2020-11-11,1.98,-3.18,1.98,,1.0,515,99.81
2020-11-12,2.006,1.31,2.006,,1.0,516,99.81
2020-11-13,2.049,2.14,2.049,,1.0,518,99.81
2020-11-16,2.046,-0.15,2.046,,1.0,517,99.81
2020-11-17,1.989,-2.79,1.989,,1.0,517,99.81
2020-11-18,1.943,-2.31,1.943,,1.0,517,99.81
2020-11-19,1.948,0.26,1.948,,3.0,522,99.43
2020-11-20,1.986,1.95,1.986,,5.0,524,99.05
2020-11-23,2.06,3.73,2.06,,5.0,523,99.04
2020-11-24,2.094,1.65,2.094,,4.0,522,99.23
2020-11-25,2.035,-2.82,2.035,,4.0,523,99.24
2020-11-26,2.012,-1.13,2.012,,3.0,528,99.43
2020-11-27,1.993,-0.94,1.993,,5.0,529,99.05
2020-11-30,1.991,-0.1,1.991,,5.0,528,99.05
2020-12-01,2.016,1.26,2.016,,8.0,530,98.49
2020-12-02,2.0,-0.79,2.0,,8.0,530,98.49
2020-12-03,1.978,-1.1,1.978,,10.0,530,98.11
2020-12-04,2.027,2.48,2.027,,7.0,531,98.68
2020-12-07,2.07,2.12,2.07,,3.0,531,99.44
2020-12-08,2.137,3.24,2.137,,3.0,531,99.44
2020-12-09,2.121,-0.75,2.121,,3.0,533,99.44
2020-12-10,2.106,-0.71,2.106,,3.0,533,99.44
2020-12-11,2.091,-0.71,2.091,,3.0,534,99.44
2020-12-14,2.186,4.54,2.186,,19.0,533,96.44
2020-12-15,2.219,1.51,2.219,,10.0,533,98.12
2020-12-16,2.244,1.13,2.244,,9.0,533,98.31
2020-12-17,2.28,1.6,2.28,,8.0,534,98.5
2020-12-18,2.37,3.95,2.37,,11.0,535,97.94
2020-12-21,2.497,5.36,2.497,,36.0,534,93.26
2020-12-22,2.44,-2.28,2.44,,62.0,538,88.48
2020-12-23,2.495,2.25,2.495,,38.0,538,92.94
2020-12-24,2.485,-0.4,2.485,,138.0,538,74.35
2020-12-25,2.633,5.96,2.633,,185.0,539,65.68
2020-12-28,2.663,1.14,2.663,,294.0,538,45.35
2020-12-29,2.521,-5.33,2.521,,404.0,538,24.91
2020-12-30,2.623,4.05,2.623,,449.0,538,16.54
2020-12-31,2.703,3.05,2.703,,498.0,539,7.61
2021-01-04,2.885,6.73,2.885,,487.0,540,9.81
2021-01-05,2.942,1.98,2.942,,427.0,542,21.22
2021-01-06,2.94,-0.07,2.94,,479.0,551,13.07
2021-01-07,3.027,2.96,3.027,,499.0,551,9.44
2021-01-08,3.004,-0.76,3.004,,505.0,551,8.35
2021-01-11,2.92,-2.8,2.92,,503.0,552,8.88
2021-01-12,3.021,3.46,3.021,,531.0,551,3.63
2021-01-13,2.938,-2.75,2.938,,534.0,551,3.09
2021-01-14,2.847,-3.1,2.847,,540.0,551,2.0
2021-01-15,2.897,1.76,2.897,,539.0,552,2.36
2021-01-18,2.928,1.07,2.928,,551.0,555,0.72
2021-01-19,2.838,-3.07,2.838,,549.0,557,1.44
2021-01-20,2.936,3.45,2.936,,517.0,557,7.18
2021-01-21,3.008,2.45,3.008,,542.0,559,3.04
2021-01-22,3.113,3.49,3.113,,542.0,560,3.21
2021-01-25,3.16,1.51,3.16,,415.0,559,25.76
2021-01-26,3.04,-3.8,3.04,,480.0,565,15.04
2021-01-27,3.082,1.38,3.082,,507.0,565,10.27
2021-01-28,2.942,-4.54,2.942,,528.0,563,6.22
2021-01-29,2.88,-2.11,2.88,,516.0,566,8.83
2021-02-01,2.837,-1.49,2.837,,526.0,569,7.56
2021-02-02,2.967,4.58,2.967,,526.0,573,8.2
2021-02-03,2.957,-0.34,2.957,,499.0,575,13.22
2021-02-04,2.841,-3.92,2.841,,461.0,575,19.83
2021-02-05,2.73,-3.91,2.73,,393.0,578,32.01
2021-02-08,2.801,2.6,2.801,,89.0,580,84.66
2021-02-09,2.898,3.46,2.898,,97.0,583,83.36
2021-02-10,2.914,0.55,2.914,,108.0,588,81.63
2021-02-18,2.924,0.34,2.924,,180.0,588,69.39
2021-02-19,2.855,-2.36,2.855,,189.0,588,67.86
2021-02-22,2.866,0.39,2.866,,243.0,588,58.67
2021-02-23,2.789,-2.69,2.789,,240.0,589,59.25
2021-02-24,2.663,-4.52,2.663,,170.0,588,71.09
2021-02-25,2.623,-1.5,2.623,,187.0,588,68.2
2021-02-26,2.555,-2.59,2.555,,54.0,588,90.82
2021-03-01,2.656,3.95,2.656,,67.0,588,88.61
2021-03-02,2.619,-1.39,2.619,,60.0,589,89.81
2021-03-03,2.67,1.95,2.67,,53.0,592,91.05
2021-03-04,2.536,-5.02,2.536,,55.0,592,90.71
2021-03-05,2.515,-0.83,2.515,,47.0,594,92.09
2021-03-08,2.409,-4.21,2.409,,51.0,594,91.41
2021-03-09,2.401,-0.33,2.401,,7.0,595,98.82
2021-03-10,2.447,1.92,2.447,,3.0,594,99.49
2021-03-11,2.503,2.29,2.503,,21.0,594,96.46
2021-03-12,2.481,-0.88,2.481,,10.0,596,98.32
2021-03-15,2.437,-1.77,2.437,,5.0,597,99.16
2021-03-16,2.427,-0.41,2.427,,3.0,598,99.5
2021-03-17,2.502,3.09,2.502,,3.0,597,99.5
2021-03-18,2.51,0.32,2.51,,8.0,597,98.66
2021-03-19,2.425,-3.39,2.425,,21.0,599,96.49
2021-03-22,2.437,0.49,2.437,,7.0,599,98.83
2021-03-23,2.355,-3.36,2.355,,6.0,600,99.0
2021-03-24,2.283,-3.06,2.283,,23.0,599,96.16
2021-03-25,2.315,1.4,2.315,,24.0,598,95.99
2021-03-26,2.427,4.84,2.427,,36.0,599,93.99
2021-03-29,2.409,-0.74,2.409,,14.0,599,97.66
2021-03-30,2.441,1.33,2.441,,9.0,602,98.5
2021-03-31,2.424,-0.7,2.424,,18.0,602,97.01
2021-04-01,2.462,1.57,2.462,,6.0,605,99.01
2021-04-02,2.491,1.18,2.491,,4.0,606,99.34
2021-04-06,2.511,0.8,2.511,,4.0,611,99.35
2021-04-07,2.506,-0.2,2.506,,7.0,610,98.85
2021-04-08,2.485,-0.84,2.485,,12.0,612,98.04
2021-04-09,2.475,-0.4,2.475,,13.0,617,97.89
2021-04-12,2.372,-4.16,2.372,,13.0,614,97.88
2021-04-13,2.384,0.51,2.384,,15.0,615,97.56
2021-04-14,2.481,4.07,2.481,,10.0,614,98.37
2021-04-15,2.478,-0.12,2.478,,8.0,614,98.7
2021-04-16,2.483,0.2,2.483,,10.0,614,98.37
2021-04-19,2.631,5.96,2.631,,12.0,614,98.05
2021-04-20,2.609,-0.84,2.609,,12.0,615,98.05
2021-04-21,2.599,-0.38,2.599,,12.0,614,98.05
2021-04-22,2.613,0.54,2.613,,12.0,614,98.05
2021-04-23,2.667,2.07,2.667,,12.0,614,98.05
2021-04-26,2.638,-1.09,2.638,,12.0,614,98.05
2021-04-27,2.641,0.11,2.641,,12.0,617,98.06
2021-04-28,2.693,1.97,2.693,,16.0,616,97.4
2021-04-29,2.704,0.41,2.704,,14.0,617,97.73
2021-04-30,2.752,1.78,2.752,,12.0,619,98.06
2021-05-06,2.761,0.33,2.761,,21.0,619,96.61
2021-05-07,2.703,-2.1,2.703,,19.0,620,96.94
2021-05-10,2.755,1.92,2.755,,19.0,619,96.93
2021-05-11,2.665,-3.27,2.665,,20.0,621,96.78
2021-05-12,2.677,0.45,2.677,,25.0,621,95.97
2021-05-13,2.611,-2.47,2.611,,25.0,621,95.97
2021-05-14,2.66,1.88,2.66,,31.0,622,95.02
2021-05-17,2.763,3.87,2.763,,25.0,621,95.97
2021-05-18,2.791,1.01,2.791,,28.0,621,95.49
2021-05-19,2.888,3.48,2.888,,31.0,621,95.01
2021-05-20,2.872,-0.55,2.872,,34.0,621,94.52
2021-05-21,2.869,-0.1,2.869,,32.0,622,94.86
2021-05-24,2.888,0.66,2.888,,32.0,624,94.87
2021-05-25,2.911,0.8,2.911,,44.0,624,92.95
2021-05-26,2.899,-0.41,2.899,,31.0,629,95.07
2021-05-27,2.903,0.14,2.903,,29.0,629,95.39
2021-05-28,3.023,4.13,3.023,,28.0,630,95.56
2021-05-31,3.156,4.4,3.156,,27.0,630,95.71
2021-06-01,3.138,-0.57,3.138,,27.0,631,95.72
2021-06-02,3.116,-0.7,3.116,,30.0,629,95.23
2021-06-03,3.146,0.96,3.146,,37.0,629,94.12
2021-06-04,3.243,3.08,3.243,,36.0,630,94.29
2021-06-07,3.185,-1.79,3.185,,35.0,629,94.44
2021-06-08,3.16,-0.78,3.16,,36.0,631,94.29
2021-06-09,3.171,0.35,3.171,,33.0,633,94.79
2021-06-10,3.275,3.28,3.275,,36.0,635,94.33
2021-06-11,3.264,-0.34,3.264,,31.0,636,95.13
2021-06-15,3.208,-1.72,3.208,,34.0,635,94.65
2021-06-16,3.033,-5.46,3.033,,40.0,635,93.7
2021-06-17,3.073,1.32,3.073,,38.0,637,94.03
2021-06-18,3.188,3.74,3.188,,41.0,637,93.56
2021-06-21,3.213,0.78,3.213,,53.0,637,91.68
2021-06-22,3.221,0.25,3.221,,65.0,637,89.8
2021-06-23,3.284,1.96,3.284,,50.0,637,92.15
2021-06-24,3.256,-0.85,3.256,,,,
2021-06-25,3.294,1.17,3.294,,,,
2021-06-28,3.332,1.15,3.332,,,,
2021-06-29,3.318,-0.42,3.318,,,,
2021-06-30,3.377,1.78,3.377,,,,
2021-07-01,3.325,-1.54,3.325,,,,
2021-07-02,3.337,0.36,3.337,,,,
2021-07-05,3.455,3.54,3.455,,,,
2021-07-06,3.472,0.49,3.472,,,,
2021-07-07,3.636,4.72,3.636,,,,
2021-07-08,3.656,0.55,3.656,,,,
2021-07-09,3.743,2.38,3.743,,,,
2021-07-12,3.901,4.22,3.901,,,,
2021-07-13,3.909,0.21,3.909,,,,
2021-07-14,3.747,-4.14,3.747,,,,
2021-07-15,3.792,1.2,3.792,,,,
2021-07-16,3.722,-1.85,3.722,,,,
2021-07-19,3.66,-1.67,3.66,,,,
2021-07-20,3.71,1.37,3.71,,,,
2021-07-21,3.888,4.8,3.888,,,,
2021-07-22,3.905,0.44,3.905,,,,
2021-07-23,3.899,-0.15,3.899,,,,
2021-07-26,3.863,-0.92,3.863,,,,
2021-07-27,3.675,-4.87,3.675,,,,
2021-07-28,3.627,-1.31,3.627,,,,
2021-07-29,3.828,5.54,3.828,,,,
2021-07-30,3.838,0.26,3.838,,,,
2021-08-02,3.912,1.93,3.912,,,,
2021-08-03,3.716,-5.01,3.716,,,,
2021-08-04,3.921,5.52,3.921,,,,
2021-08-05,3.905,-0.41,3.905,,,,
2021-08-06,4.006,2.59,4.006,,,,
2021-08-09,3.918,-2.2,3.918,,,,
2021-08-10,3.849,-1.76,3.849,,,,
2021-08-11,3.871,0.57,3.871,,,,
2021-08-12,3.909,0.98,3.909,,,,
2021-08-13,3.892,-0.43,3.892,,,,
2021-08-16,3.769,-3.16,3.769,,,,
2021-08-17,3.75,-0.5,3.75,,,,
2021-08-18,3.758,0.21,3.758,,,,
2021-08-19,3.861,2.74,3.861,,,,
2021-08-20,3.839,-0.57,3.839,,,,
2021-08-23,3.938,2.58,3.938,,,,
2021-08-24,3.998,1.52,3.998,,,,
2021-08-25,4.018,0.5,4.018,,,,
2021-08-26,3.959,-1.47,3.959,,,,
2021-08-27,4.109,3.79,4.109,,,,
2021-08-30,4.185,1.85,4.185,,,,
2021-08-31,4.233,1.15,4.233,,,,
2021-09-01,4.025,-4.91,4.025,,,,
2021-09-02,4.083,1.44,4.083,,,,
2021-09-03,3.957,-3.09,3.957,,,,
2021-09-06,3.996,0.99,3.996,,,,
2021-09-07,4.133,3.43,4.133,,,,
